github.com/aws/aws-lambda-go,https://github.com/aws/aws-lambda-go/blob/v1.51.2/LICENSE,Apache-2.0
github.com/aws/aws-sdk-go-v2,https://github.com/aws/aws-sdk-go-v2/blob/v1.47.1/LICENSE.txt,Apache-2.0
github.com/aws/aws-sdk-go-v2/aws/protocol/eventstream,https://github.com/aws/aws-sdk-go-v2/blob/aws/protocol/eventstream/v1.7.20/aws/protocol/eventstream/LICENSE.txt,Apache-2.0
github.com/aws/aws-sdk-go-v2/config,https://github.com/aws/aws-sdk-go-v2/blob/config/v1.33.2/config/LICENSE.txt,Apache-2.0
github.com/aws/aws-sdk-go-v2/credentials,https://github.com/aws/aws-sdk-go-v2/blob/credentials/v1.20.2/credentials/LICENSE.txt,Apache-2.0
github.com/aws/aws-sdk-go-v2/feature/ec2/imds,https://github.com/aws/aws-sdk-go-v2/blob/feature/ec2/imds/v1.19.1/feature/ec2/imds/LICENSE.txt,Apache-2.0
github.com/aws/aws-sdk-go-v2/internal/configsources,https://github.com/aws/aws-sdk-go-v2/blob/internal/configsources/v1.5.4/internal/configsources/LICENSE.txt,Apache-2.0
github.com/aws/aws-sdk-go-v2/internal/endpoints/v2,https://github.com/aws/aws-sdk-go-v2/blob/internal/endpoints/v2.8.4/internal/endpoints/LICENSE.txt,Apache-2.0
github.com/aws/aws-sdk-go-v2/internal/sync/singleflight,https://github.com/aws/aws-sdk-go-v2/blob/v1.47.1/internal/sync/singleflight/LICENSE,BSD-3-Clause
github.com/aws/aws-sdk-go-v2/internal/v4a,https://github.com/aws/aws-sdk-go-v2/blob/internal/v4a/v1.5.1/internal/v4a/LICENSE.txt,Apache-2.0
github.com/aws/aws-sdk-go-v2/service/batch,https://github.com/aws/aws-sdk-go-v2/blob/service/batch/v1.73.0/service/batch/LICENSE.txt,Apache-2.0
github.com/aws/aws-sdk-go-v2/service/bedrockruntime,https://github.com/aws/aws-sdk-go-v2/blob/service/bedrockruntime/v1.62.0/service/bedrockruntime/LICENSE.txt,Apache-2.0
github.com/aws/aws-sdk-go-v2/service/cloudwatchlogs,https://github.com/aws/aws-sdk-go-v2/blob/service/cloudwatchlogs/v1.85.0/service/cloudwatchlogs/LICENSE.txt,Apache-2.0
github.com/aws/aws-sdk-go-v2/service/internal/accept-encoding,https://github.com/aws/aws-sdk-go-v2/blob/service/internal/accept-encoding/v1.13.19/service/internal/accept-encoding/LICENSE.txt,Apache-2.0
github.com/aws/aws-sdk-go-v2/service/internal/checksum,https://github.com/aws/aws-sdk-go-v2/blob/service/internal/checksum/v1.9.22/service/internal/checksum/LICENSE.txt,Apache-2.0
github.com/aws/aws-sdk-go-v2/service/internal/presigned-url,https://github.com/aws/aws-sdk-go-v2/blob/service/internal/presigned-url/v1.14.1/service/internal/presigned-url/LICENSE.txt,Apache-2.0
github.com/aws/aws-sdk-go-v2/service/internal/s3shared,https://github.com/aws/aws-sdk-go-v2/blob/service/internal/s3shared/v1.19.29/service/internal/s3shared/LICENSE.txt,Apache-2.0
github.com/aws/aws-sdk-go-v2/service/s3,https://github.com/aws/aws-sdk-go-v2/blob/service/s3/v1.103.3/service/s3/LICENSE.txt,Apache-2.0
github.com/aws/aws-sdk-go-v2/service/sfn,https://github.com/aws/aws-sdk-go-v2/blob/service/sfn/v1.51.1/service/sfn/LICENSE.txt,Apache-2.0
github.com/aws/aws-sdk-go-v2/service/signin,https://github.com/aws/aws-sdk-go-v2/blob/service/signin/v1.8.0/service/signin/LICENSE.txt,Apache-2.0
github.com/aws/aws-sdk-go-v2/service/sqs,https://github.com/aws/aws-sdk-go-v2/blob/service/sqs/v1.52.0/service/sqs/LICENSE.txt,Apache-2.0
github.com/aws/aws-sdk-go-v2/service/sso,https://github.com/aws/aws-sdk-go-v2/blob/service/sso/v1.36.0/service/sso/LICENSE.txt,Apache-2.0
github.com/aws/aws-sdk-go-v2/service/ssooidc,https://github.com/aws/aws-sdk-go-v2/blob/service/ssooidc/v1.41.0/service/ssooidc/LICENSE.txt,Apache-2.0
github.com/aws/aws-sdk-go-v2/service/sts,https://github.com/aws/aws-sdk-go-v2/blob/service/sts/v1.48.0/service/sts/LICENSE.txt,Apache-2.0
github.com/aws/smithy-go,https://github.com/aws/smithy-go/blob/v1.28.1/LICENSE,Apache-2.0
github.com/aws/smithy-go/internal/sync/singleflight,https://github.com/aws/smithy-go/blob/v1.28.1/internal/sync/singleflight/LICENSE,BSD-3-Clause
github.com/aws/smithy-go/transport/http/protocol/internal/json/internal/stdlib,https://github.com/aws/smithy-go/blob/v1.28.1/transport/http/protocol/internal/json/internal/stdlib/LICENSE,BSD-3-Clause
github.com/cenkalti/backoff/v5,https://github.com/cenkalti/backoff/blob/v5.0.3/LICENSE,MIT
github.com/cespare/xxhash/v2,https://github.com/cespare/xxhash/blob/v2.3.0/LICENSE.txt,MIT
github.com/go-logr/logr,https://github.com/go-logr/logr/blob/v1.4.4/LICENSE,Apache-2.0
github.com/go-logr/stdr,https://github.com/go-logr/stdr/blob/v1.2.2/LICENSE,Apache-2.0
github.com/google/uuid,https://github.com/google/uuid/blob/v1.6.0/LICENSE,BSD-3-Clause
github.com/grpc-ecosystem/grpc-gateway/v2,https://github.com/grpc-ecosystem/grpc-gateway/blob/v2.30.0/LICENSE,BSD-3-Clause
github.com/jackc/pgpassfile,https://github.com/jackc/pgpassfile/blob/v1.0.0/LICENSE,MIT
github.com/jackc/pgservicefile,https://github.com/jackc/pgservicefile/blob/5a60cdf6a761/LICENSE,MIT
github.com/jackc/pgx/v5,https://github.com/jackc/pgx/blob/v5.10.0/LICENSE,MIT
github.com/jackc/puddle/v2,https://github.com/jackc/puddle/blob/v2.2.2/LICENSE,MIT
github.com/joho/godotenv,https://github.com/joho/godotenv/blob/v1.5.1/LICENCE,MIT
go.opentelemetry.io/auto/sdk,https://github.com/open-telemetry/opentelemetry-go-instrumentation/blob/sdk/v1.2.1/sdk/LICENSE,Apache-2.0
go.opentelemetry.io/otel,https://github.com/open-telemetry/opentelemetry-go/blob/v1.46.0/LICENSE,Apache-2.0
go.opentelemetry.io/otel,https://github.com/open-telemetry/opentelemetry-go/blob/v1.46.0/LICENSE,BSD-3-Clause
go.opentelemetry.io/otel/exporters/otlp/otlpmetric/otlpmetricgrpc,https://github.com/open-telemetry/opentelemetry-go/blob/exporters/otlp/otlpmetric/otlpmetricgrpc/v1.46.0/exporters/otlp/otlpmetric/otlpmetricgrpc/LICENSE,Apache-2.0
go.opentelemetry.io/otel/exporters/otlp/otlpmetric/otlpmetricgrpc,https://github.com/open-telemetry/opentelemetry-go/blob/exporters/otlp/otlpmetric/otlpmetricgrpc/v1.46.0/exporters/otlp/otlpmetric/otlpmetricgrpc/LICENSE,BSD-3-Clause
go.opentelemetry.io/otel/metric,https://github.com/open-telemetry/opentelemetry-go/blob/metric/v1.46.0/metric/LICENSE,Apache-2.0
go.opentelemetry.io/otel/metric,https://github.com/open-telemetry/opentelemetry-go/blob/metric/v1.46.0/metric/LICENSE,BSD-3-Clause
go.opentelemetry.io/otel/sdk,https://github.com/open-telemetry/opentelemetry-go/blob/sdk/v1.46.0/sdk/LICENSE,Apache-2.0
go.opentelemetry.io/otel/sdk,https://github.com/open-telemetry/opentelemetry-go/blob/sdk/v1.46.0/sdk/LICENSE,BSD-3-Clause
go.opentelemetry.io/otel/sdk/metric,https://github.com/open-telemetry/opentelemetry-go/blob/sdk/metric/v1.46.0/sdk/metric/LICENSE,Apache-2.0
go.opentelemetry.io/otel/sdk/metric,https://github.com/open-telemetry/opentelemetry-go/blob/sdk/metric/v1.46.0/sdk/metric/LICENSE,BSD-3-Clause
go.opentelemetry.io/otel/trace,https://github.com/open-telemetry/opentelemetry-go/blob/trace/v1.46.0/trace/LICENSE,Apache-2.0
go.opentelemetry.io/otel/trace,https://github.com/open-telemetry/opentelemetry-go/blob/trace/v1.46.0/trace/LICENSE,BSD-3-Clause
go.opentelemetry.io/proto/otlp,https://github.com/open-telemetry/opentelemetry-proto-go/blob/otlp/v1.11.0/otlp/LICENSE,Apache-2.0
golang.org/x/net,https://cs.opensource.google/go/x/net/+/v0.58.0:LICENSE,BSD-3-Clause
golang.org/x/sync/semaphore,https://cs.opensource.google/go/x/sync/+/v0.22.0:LICENSE,BSD-3-Clause
golang.org/x/sys/unix,https://cs.opensource.google/go/x/sys/+/v0.47.0:LICENSE,BSD-3-Clause
golang.org/x/text,https://cs.opensource.google/go/x/text/+/v0.41.0:LICENSE,BSD-3-Clause
google.golang.org/genproto/googleapis/api/httpbody,https://github.com/googleapis/go-genproto/blob/08b0e4226688/googleapis/api/LICENSE,Apache-2.0
google.golang.org/genproto/googleapis/rpc,https://github.com/googleapis/go-genproto/blob/08b0e4226688/googleapis/rpc/LICENSE,Apache-2.0
google.golang.org/grpc,https://github.com/grpc/grpc-go/blob/v1.83.1/LICENSE,Apache-2.0
google.golang.org/protobuf,https://github.com/protocolbuffers/protobuf-go/blob/v1.36.12/LICENSE,BSD-3-Clause
